,Hosp. No,Epidemiology,Fever,URTS,LRTS,GIS,Flu like symptoms,Extreme fatigue,Clinical score,Clinical score final,Radiological score,CBC score, diagnosis,score,Unnamed: 19,Unnamed: 21,Unnamed: 24
count,150.0,55.0,101.0,8.0,106.0,31.0,10.0,7.0,150.0,150.0,150.0,150.0,68.0,150.0,150.0,150.0,150.0
mean,12305284.353333334,0.8,0.9207920792079208,0.625,0.9811320754716981,0.8709677419354839,0.9,0.7142857142857143,0.9933333333333333,1.3066666666666666,1.02,0.7466666666666667,0.8088235294117647,2.2666666666666666,1.14,0.8133333333333334,0.9333333333333333
std,8628559.270296367,0.40368671387966554,0.27140995990684225,0.5175491695067657,0.1367049011885994,0.3407771005482388,0.31622776601683794,0.48795003647426666,1.058659825627764,0.955005651388223,0.7020583352117327,0.4363771945558245,0.39615137093267155,2.2950681487934657,0.9832830912732563,0.9857145173018844,0.9098024467817286
min,1167811.0,0.0,0.0,0.0,0.0,0.0,0.0,0.0,0.0,0.0,0.0,0.0,0.0,-3.0,0.0,0.0,0.0
25%,11674401.5,1.0,1.0,0.0,1.0,1.0,1.0,0.5,0.0,0.0,0.0,0.25,1.0,0.5,0.0,0.0,0.0
50%,11674892.0,1.0,1.0,1.0,1.0,1.0,1.0,1.0,1.0,2.0,1.5,1.0,1.0,2.5,2.0,0.0,1.0
75%,11675641.5,1.0,1.0,1.0,1.0,1.0,1.0,1.0,2.0,2.0,1.5,1.0,1.0,4.5,2.0,2.0,2.0
max,116758494.0,1.0,1.0,1.0,1.0,1.0,1.0,1.0,4.0,2.0,1.5,1.0,1.0,5.5,2.0,2.0,2.0
